{
  "config": {
    "model": {
      "num_encoder_layers": 4,
      "num_decoder_layers": 4,
      "emb_size": 512,
      "nhead": 8,
      "dim_feedforward": 512,
      "dropout": 0.3,
      "src_vocab_size": 19215,
      "tgt_vocab_size": 10838
    },
    "training": {
      "seed": 42,
      "epochs": 200,
      "report_every": 5,
      "batch_size": 256,
      "log_path": "./results/01/",
      "optimizer": {
        "lr": 0.0001,
        "betas": [
          0.9,
          0.98
        ],
        "eps": 1e-09
      },
      "scheduler": {
        "factor": 0.2,
        "patience": 5,
        "min_lr": 1e-06
      },
      "stopper": {
        "delta": 0.02,
        "patience": 20
      }
    },
    "predict": [
      "ein mann steht auf einem bauger\u00fcst .",
      "m\u00e4nner spielen auf trommeln .",
      "ein kind l\u00e4uft auf einem weg ."
    ]
  },
  "train_log": {
    "epoch": [
      1,
      2,
      3,
      4,
      5,
      6,
      7,
      8,
      9,
      10,
      11,
      12,
      13,
      14,
      15,
      16
    ],
    "train_loss": [
      6.347833993142111,
      4.620353991525215,
      4.032799695667467,
      3.7074695449126396,
      3.479245892742224,
      3.296810769198234,
      3.144949199860556,
      3.0112821888505366,
      2.8956400867094074,
      2.7922618263646175,
      2.6922750305711176,
      2.6018664920539187,
      2.5156606812226143,
      2.4318420740596034,
      2.3514134862966705
    ],
    "val_loss": [
      4.915599584579468,
      4.1356059312820435,
      3.7745786905288696,
      3.5444289445877075,
      3.3798580169677734,
      3.2420958280563354,
      3.146933853626251,
      3.0646421909332275,
      3.0050790905952454,
      2.942132353782654,
      2.881815016269684,
      2.843264579772949,
      2.791516125202179,
      2.765316426753998,
      2.7387295961380005
    ]
  }
}