{
  "config": {
    "model": {
      "num_encoder_layers": 6,
      "num_decoder_layers": 6,
      "emb_size": 512,
      "nhead": 8,
      "dim_feedforward": 2048,
      "dropout": 0.2,
      "src_vocab_size": 19215,
      "tgt_vocab_size": 10838
    },
    "training": {
      "seed": 42,
      "epochs": 200,
      "report_every": 5,
      "batch_size": 256,
      "log_path": "./results/01/",
      "optimizer": {
        "lr": 0.0001,
        "betas": [
          0.9,
          0.98
        ],
        "eps": 1e-09
      },
      "scheduler": {
        "factor": 0.2,
        "patience": 5,
        "min_lr": 1e-06
      },
      "stopper": {
        "delta": 0.02,
        "patience": 20
      }
    },
    "predict": [
      "ein mann steht auf einem bauger\u00fcst .",
      "m\u00e4nner spielen auf trommeln .",
      "ein kind l\u00e4uft auf einem weg ."
    ]
  },
  "train_log": {
    "epoch": [
      1,
      2,
      3,
      4,
      5,
      6,
      7,
      8,
      9,
      10,
      11,
      12,
      13,
      14,
      15,
      16,
      17,
      18,
      19,
      20,
      21,
      22,
      23,
      24,
      25,
      26,
      27,
      28,
      29,
      30,
      31,
      32,
      33,
      34,
      35,
      36,
      37,
      38,
      39,
      40,
      41,
      42,
      43,
      44,
      45,
      46,
      47,
      48,
      49,
      50,
      51,
      52,
      53,
      54,
      55,
      56,
      57,
      58,
      59,
      60,
      61,
      62,
      63,
      64,
      65,
      66,
      67,
      68,
      69,
      70,
      71,
      72,
      73,
      74,
      75,
      76,
      77,
      78,
      79,
      80,
      81,
      82,
      83,
      84,
      85,
      86,
      87,
      88,
      89,
      90,
      91,
      92,
      93,
      94,
      95,
      96,
      97,
      98,
      99,
      100,
      101,
      102,
      103,
      104,
      105,
      106,
      107,
      108,
      109,
      110,
      111,
      112,
      113,
      114,
      115,
      116,
      117,
      118,
      119,
      120,
      121,
      122
    ],
    "train_loss": [
      6.2061688188920945,
      4.705082349609911,
      4.192544345270123,
      3.921734663478115,
      3.712720417139823,
      3.5391524319063152,
      3.391236288505688,
      3.2593514312777603,
      3.1462920841417814,
      3.0350895785448846,
      2.9357711662325943,
      2.8454875234971966,
      2.75713722956808,
      2.669383164037738,
      2.587749669426366,
      2.488218439252753,
      2.4005633257983026,
      2.3225223746216086,
      2.2498330003336857,
      2.1694736470255935,
      2.08629419197116,
      2.006905668660214,
      1.9333584580505103,
      1.8635764372976202,
      1.794109492971186,
      1.7291048420102972,
      1.6689113075273079,
      1.602660778321718,
      1.539738002576326,
      1.4824321458214207,
      1.4355236051375406,
      1.3876583074268543,
      1.3398413323519522,
      1.2967479678622462,
      1.2556188713040268,
      1.2175895707649098,
      1.1861172511912228,
      1.1445889582759456,
      1.1063195273541568,
      1.0688859626912235,
      1.0368801820696445,
      1.0106098061068016,
      0.9810571560734197,
      0.954735850555855,
      0.890247649790948,
      0.8654910310318595,
      0.8561368992454127,
      0.8415701872946924,
      0.8338668511102074,
      0.8240890113408106,
      0.8146475297317171,
      0.8053147536620759,
      0.7968168765829321,
      0.7858267604259023,
      0.7798260288280353,
      0.7779013629545245,
      0.7768798329328236,
      0.773584264150837,
      0.7725519404599541,
      0.76673797321947,
      0.765301245346404,
      0.7651056163666541,
      0.7647347892062706,
      0.7637238737783933,
      0.7638137541842043,
      0.7633807455238543,
      0.7608813102308073,
      0.7610384476812262,
      0.7611474203958846,
      0.7610033988429789,
      0.759698647940368,
      0.7615775596677211,
      0.7589383763179445,
      0.7591435124999598,
      0.7581724103605538,
      0.7588568904943633,
      0.7588038177866685,
      0.757659572781178,
      0.7571042336915669,
      0.7551497168708265,
      0.755818781884093,
      0.756151813164092,
      0.7546330065580836,
      0.754790526210216,
      0.7542217849639424,
      0.7542290768602438,
      0.7543307158507799,
      0.7532204606553965,
      0.7520574323440853,
      0.7536959297824324,
      0.7530530957799209,
      0.7535525599592611,
      0.7495681230436292,
      0.7500503855316263,
      0.7509170122313917,
      0.7493798497476076,
      0.7489628572213022,
      0.749023336851806,
      0.7496861546185979,
      0.7503478950575778,
      0.7478326276728982,
      0.747464682972222,
      0.7460962756161105,
      0.7469559202068731,
      0.7444066844488445,
      0.7467094406224134,
      0.744327183093941,
      0.7454478479268258,
      0.7454705476238016,
      0.7441924763353247,
      0.742571173268452,
      0.7430575092633566,
      0.7432629162805122,
      0.7399966823950148,
      0.7433822228197466,
      0.7423173902850402,
      0.7420961286937982,
      0.7413771468819234,
      0.7407858933795962,
      0.7406701003773171,
      0.7395239305077937
    ],