{
  "config": {
    "model": {
      "num_encoder_layers": 4,
      "num_decoder_layers": 4,
      "emb_size": 512,
      "nhead": 8,
      "dim_feedforward": 512,
      "dropout": 0.3,
      "src_vocab_size": 19215,
      "tgt_vocab_size": 10838
    },
    "training": {
      "seed": 42,
      "epochs": 200,
      "report_every": 5,
      "batch_size": 256,
      "log_path": "./results/01/",
      "optimizer": {
        "lr": 0.0001,
        "betas": [
          0.9,
          0.98
        ],
        "eps": 1e-09
      },
      "scheduler": {
        "factor": 0.2,
        "patience": 5,
        "min_lr": 1e-06
      },
      "stopper": {
        "delta": 0.02,
        "patience": 20
      }
    },
    "predict": [
      "ein mann steht auf einem bauger\u00fcst .",
      "m\u00e4nner spielen auf trommeln .",
      "ein kind l\u00e4uft auf einem weg ."
    ]
  },
  "train_log": {
    "epoch": [
      1,
      2,
      3,
      4,
      5,
      6,
      7,
      8,
      9,
      10,
      11,
      12,
      13,
      14,
      15,
      16,
      17,
      18,
      19,
      20,
      21,
      22,
      23,
      24,
      25,
      26,
      27,
      28,
      29,
      30,
      31,
      32,
      33,
      34,
      35,
      36,
      37,
      38,
      39,
      40,
      41,
      42,
      43,
      44,
      45,
      46,
      47,
      48,
      49,
      50,
      51,
      52,
      53,
      54,
      55,
      56,
      57,
      58,
      59,
      60,
      61,
      62,
      63,
      64,
      65,
      66,
      67,
      68,
      69,
      70,
      71,
      72,
      73,
      74,
      75,
      76,
      77,
      78,
      79,
      80,
      81,
      82,
      83,
      84,
      85,
      86,
      87,
      88,
      89,
      90,
      91,
      92,
      93,
      94,
      95,
      96,
      97,
      98,
      99,
      100,
      101,
      102,
      103,
      104,
      105,
      106,
      107,
      108,
      109,
      110,
      111,
      112,
      113,
      114,
      115,
      116,
      117,
      118,
      119,
      120,
      121
    ],
    "train_loss": [
      6.410504947628891,
      4.899825439118502,
      4.376273719887984,
      4.044887300123248,
      3.8115325434166087,
      3.6347491636610867,
      3.495219770230745,
      3.3671381849991646,
      3.2426646634152063,
      3.105662463004129,
      2.994422153422707,
      2.8913310055147137,
      2.790568577615838,
      2.6889533557389913,
      2.6016036355704593,
      2.512120067027577,
      2.427238577290585,
      2.351018265673989,
      2.273700184989394,
      2.2039923552881207,
      2.1352596889462387,
      2.0712742460401437,
      2.008979922846744,
      1.9541897407749242,
      1.900277421139834,
      1.8493451570209705,
      1.7997397184371948,
      1.750837879222736,
      1.70196238944405,
      1.6497479813140736,
      1.6105273742424815,
      1.5710953087137456,
      1.5354588847411306,
      1.5058235599283587,
      1.4708561980933474,
      1.430251914158202,
      1.395328766421268,
      1.3610059556208158,
      1.3330995482310914,
      1.304745916734662,
      1.2775975842224925,
      1.2512723709407605,
      1.223764058267861,
      1.1994914579809757,
      1.1774352543186724,
      1.152576138053024,
      1.1263955606703173,
      1.10244882106781,
      1.077930398154677,
      1.057001710460897,
      1.0351092935654156,
      1.0108151692047453,
      0.9790551238938382,
      0.9653683508697309,
      0.957702623647556,
      0.951861956663299,
      0.9453348867725908,
      0.9381866580561588,
      0.9336655730741066,
      0.9278270544713003,
      0.9197820524374644,
      0.9164500069199947,
      0.9134719596620191,
      0.9122929175694784,
      0.9101245915680601,
      0.909482492166653,
      0.9074210299734484,
      0.906699785537887,
      0.9073122860046855,
      0.9036510586738586,
      0.9052137539052126,
      0.9032814706626692,
      0.9045507390248148,
      0.9030020890528696,
      0.9030029825996935,
      0.9021466207085994,
      0.9025918428312268,
      0.9036856664900195,
      0.9017946584182873,
      0.902008724317216,
      0.9007815295144131,
      0.9012111414942825,
      0.901411609691486,
      0.8996944600029996,
      0.8997261932021693,
      0.902961560508661,
      0.8984567256350267,
      0.899038191950112,
      0.9000811414760456,
      0.8980710762634612,
      0.8981105784575144,
      0.8995812101322308,
      0.8988314297115594,
      0.898591324948428,
      0.897555143686763,
      0.8970546068852407,
      0.8971048389610491,
      0.8967675001997697,
      0.8958136685061873,
      0.8970940954852522,
      0.8954149610117862,
      0.8965692373744228,
      0.894918559936055,
      0.8950193435476538,
      0.8942203417158964,
      0.8940855834567756,
      0.8949399966942636,
      0.8938829271416915,
      0.8933269235125759,
      0.8924265456827063,
      0.8929836901656368,
      0.8928361252734536,
      0.892568850726412,
      0.8935235095651526,
      0.892536297179105,
      0.8917986619890782,
      0.8894749832780737,
      0.8926032582918803,
      0.8912966852648216,
      0.8905993438603585
    ],