{
  "config": {
    "model": {
      "num_encoder_layers": 4,
      "num_decoder_layers": 4,
      "emb_size": 512,
      "nhead": 8,
      "dim_feedforward": 512,
      "dropout": 0.3,
      "src_vocab_size": 19215,
      "tgt_vocab_size": 10838
    },
    "training": {
      "seed": 42,
      "epochs": 200,
      "report_every": 5,
      "batch_size": 256,
      "log_path": "./results/01/",
      "optimizer": {
        "lr": 0.0001,
        "betas": [
          0.9,
          0.98
        ],
        "eps": 1e-09
      },
      "scheduler": {
        "factor": 0.2,
        "patience": 5,
        "min_lr": 1e-06
      },
      "stopper": {
        "delta": 0.02,
        "patience": 20
      }
    },
    "predict": [
      "ein mann steht auf einem bauger\u00fcst .",
      "m\u00e4nner spielen auf trommeln .",
      "ein kind l\u00e4uft auf einem weg ."
    ]
  },
  "train_log": {
    "epoch": [
      1,
      2,
      3,
      4,
      5,
      6,
      7,
      8,
      9,
      10,
      11,
      12,
      13,
      14,
      15,
      16,
      17,
      18,
      19,
      20,
      21,
      22,
      23,
      24,
      25,
      26,
      27,
      28,
      29,
      30,
      31,
      32,
      33,
      34,
      35,
      36,
      37,
      38,
      39,
      40,
      41,
      42,
      43,
      44,
      45,
      46,
      47,
      48,
      49,
      50,
      51,
      52,
      53,
      54,
      55,
      56,
      57,
      58,
      59,
      60,
      61,
      62,
      63,
      64,
      65,
      66,
      67,
      68,
      69,
      70,
      71,
      72,
      73,
      74,
      75,
      76,
      77,
      78,
      79,
      80,
      81,
      82,
      83,
      84,
      85,
      86,
      87,
      88,
      89,
      90,
      91,
      92,
      93,
      94,
      95,
      96,
      97,
      98,
      99,
      100,
      101,
      102,
      103,
      104,
      105,
      106,
      107,
      108,
      109,
      110,
      111
    ],
    "train_loss": [
      6.402604642667268,
      4.944299095555356,
      4.5172393782097,
      4.218570855625889,
      4.004515532861676,
      3.835647963640983,
      3.7017352852905008,
      3.5943217298440766,
      3.4941084008467826,
      3.4033954791855394,
      3.3181317061708686,
      3.2283024474194177,
      3.12251209167012,
      3.032803361875969,
      2.9492925196363213,
      2.8846264763882288,
      2.8174245545738623,
      2.745664931180184,
      2.6709943716986135,
      2.595341264155873,
      2.527408062366017,
      2.4581010718094674,
      2.391885470925716,
      2.331962922163177,
      2.2716975285295855,
      2.21364577715857,
      2.1633021183181227,
      2.1102350228711177,
      2.0628691305193985,
      2.0174895828230337,
      1.9734626171881693,
      1.9319294251893695,
      1.890154174545355,
      1.8522543499344273,
      1.813319118399369,
      1.7760444388054966,
      1.741569529499924,
      1.7074168251271833,
      1.673428357693187,
      1.6411846980713962,
      1.6103741108325489,
      1.5779403207594889,
      1.5505424079142118,
      1.5223529955797028,
      1.4986549061641359,
      1.4690855678759123,
      1.4447975671082212,
      1.4153942047503956,
      1.3953969489064133,
      1.3732299250468873,
      1.3548600129913866,
      1.3327518670182479,
      1.3092723718860693,
      1.286382058733388,
      1.2625674197548313,
      1.2423409207871086,
      1.2206126550833385,
      1.2024901467457152,
      1.1842964777820988,
      1.1649473560483832,
      1.1442621585569883,
      1.1267152517511134,
      1.1064661197495043,
      1.0918955902258556,
      1.073569000812999,
      1.0548820594946544,
      1.0418343225069213,
      1.0246736104028267,
      1.0084212098205299,
      0.9938066423984996,
      0.9804167977550573,
      0.9537487092771029,
      0.9414431133814025,
      0.9390485689305422,
      0.9312639994579449,
      0.9289025653872574,
      0.9230454694806484,
      0.9181988056291613,
      0.9140663000575283,
      0.9115079270120252,
      0.9052415343753079,
      0.898797729559112,
      0.8965721417937362,
      0.8941348357158795,
      0.8950573456914801,
      0.8933580413199308,
      0.8930607558342448,
      0.8896654201181311,
      0.8892667398118136,
      0.8882380530499575,
      0.8884891606213754,
      0.887830571647276,
      0.8865051227703429,
      0.8895240415606582,
      0.8879768754306593,
      0.8878416805936579,
      0.8875789271112073,
      0.8864840237717879,
      0.886602286706891,
      0.8872918653906438,
      0.8888187685556579,
      0.8856294798223596,
      0.8854507683661946,
      0.885063954612665,
      0.8851422019172133,
      0.885331742596208,
      0.8836550743956315,
      0.8846742855875116,
      0.8842701352479165,
      0.8815619391307496
    ],
    "val_loss": [
      5.10364031791687,
      4.656182885169983,
      4.265732169151306,
      4.030120551586151,
      3.868152439594269,
      3.7253276109695435,
      3.6378496885299683,
      3.5566571950912476,
      3.4817123413085938,
      3.4113124012947083,
      3.3390029668807983,
      3.241159975528717,
      3.151737689971924,
      3.0814515948295593,
      3.0157244205474854,
      2.965728759765625,
      2.9057793021202087,
      2.829542398452759,
      2.753489077091217,
      2.689373791217804,
      2.6272512674331665,
      2.574996590614319,
      2.5204020738601685,
      2.478389799594879,
      2.437274396419525,
      2.3973819613456726,
      2.357713222503662,
      2.332342803478241,
      2.3077459931373596,
      2.2683772444725037,
      2.2482709884643555,
      2.2323468923568726,
      2.2189583778381348,
      2.1991596817970276,
      2.1802221536636353,
      2.1592125296592712,
      2.1404407620429993,
      2.1120324432849884,
      2.099556654691696,
      2.087743580341339,
      2.072495251893997,
      2.0591681599617004,
      2.0531646609306335,
      2.0385113954544067,
      2.0278015732765198,
      2.015926778316498,
      2.0114930272102356,
      2.0072065889835358,
      2.0008271634578705,
      1.9910471439361572,
      1.9920705556869507,
      1.9823684096336365,
      1.9758579730987549,
      1.9701968133449554,
      1.9644986391067505,
      1.962430089712143,
      1.9559194147586823,
      1.957297831773758,
      1.9598116874694824,
      1.953939437866211,
      1.9489331543445587,
      1.9506602883338928,
      1.953469455242157,
      1.9524802565574646,
      1.943832516670227,
      1.9457850456237793,
      1.9510822594165802,
      1.955156147480011,
      1.962832510471344,
      1.9488624036312103,
      1.9595994353294373,
      1.9474236071109772,
      1.946374535560608,
      1.945198804140091,
      1.9416414201259613,
      1.9458729028701782,
      1.9465602040290833,
      1.944399744272232,
      1.9415756464004517,
      1.9465304911136627,
      1.9447518289089203,
      1.9441062808036804,
      1.9440346360206604,
      1.9436162412166595,
      1.944307953119278,
      1.9441650807857513,
      1.9450882971286774,
      1.9441301822662354,
      1.944318026304245,
      1.9443917572498322,
      1.9447424709796906,
      1.944319635629654,
      1.9450917840003967,
      1.9449215829372406,
      1.945053517818451,
      1.9448688328266144,
      1.9448528587818146,
      1.9444960057735443,
      1.9448441863059998,
      1.9449360370635986,
      1.945289134979248,
      1.9450832605361938,
      1.9449535310268402,
      1.9449723958969116,
      1.9448707103729248,
      1.9447298347949982,
      1.9453664720058441,
      1.9450287520885468,
      1.9454810917377472,
      1.9454635083675385
    ]
  }
}