{
  "config": {
    "model": {
      "num_encoder_layers": 6,
      "num_decoder_layers": 6,
      "emb_size": 512,
      "nhead": 8,
      "dim_feedforward": 2048,
      "dropout": 0.2,
      "src_vocab_size": 19215,
      "tgt_vocab_size": 10838
    },
    "training": {
      "seed": 42,
      "epochs": 200,
      "report_every": 5,
      "batch_size": 256,
      "log_path": "./results/01/",
      "optimizer": {
        "lr": 0.0001,
        "betas": [
          0.9,
          0.98
        ],
        "eps": 1e-09
      },
      "scheduler": {
        "factor": 0.2,
        "patience": 5,
        "min_lr": 1e-06
      },
      "stopper": {
        "delta": 0.02,
        "patience": 20
      }
    },
    "predict": [
      "ein mann steht auf einem bauger\u00fcst .",
      "m\u00e4nner spielen auf trommeln .",
      "ein kind l\u00e4uft auf einem weg ."
    ]
  },
  "train_log": {
    "epoch": [
      1,
      2,
      3,
      4,
      5,
      6,
      7,
      8,
      9,
      10,
      11,
      12,
      13,
      14,
      15,
      16,
      17,
      18,
      19,
      20,
      21,
      22,
      23,
      24,
      25,
      26,
      27,
      28,
      29,
      30,
      31,
      32,
      33,
      34,
      35,
      36,
      37,
      38,
      39,
      40,
      41,
      42,
      43,
      44,
      45,
      46,
      47,
      48,
      49,
      50,
      51,
      52,
      53,
      54,
      55,
      56,
      57,
      58,
      59,
      60,
      61,
      62,
      63,
      64,
      65,
      66,
      67,
      68,
      69,
      70,
      71,
      72,
      73,
      74,
      75,
      76,
      77,
      78,
      79,
      80,
      81,
      82,
      83,
      84,
      85,
      86,
      87,
      88,
      89,
      90,
      91,
      92,
      93,
      94,
      95,
      96,
      97,
      98,
      99,
      100,
      101,
      102,
      103,
      104,
      105,
      106,
      107,
      108,
      109,
      110,
      111,
      112,
      113,
      114,
      115,
      116,
      117,
      118,
      119,
      120
    ],
    "train_loss": [
      6.180324751034117,
      4.821794894703648,
      4.358502099388524,
      4.036412337370086,
      3.830097336518137,
      3.6769413257900037,
      3.532729433293928,
      3.3955610321279157,
      3.278621533460784,
      3.1797198600936354,
      3.0812403779280815,
      2.977303672255131,
      2.861503852041144,
      2.7695899909002737,
      2.6779358366079498,
      2.587054677176894,
      2.4814483680223165,
      2.3813686579988715,
      2.2900739469026266,
      2.2063659011271963,
      2.1325863066472506,
      2.05734079762509,
      1.993479661774217,
      1.9247465865653859,
      1.8616382667892857,
      1.80276690449631,
      1.758747657140096,
      1.7013149334673296,
      1.6544015302992703,
      1.5956216485876786,
      1.5523939017663921,
      1.5104882424337822,
      1.476141001048841,
      1.4450238096086603,
      1.404080252898367,
      1.3645573708049037,
      1.3295940124152,
      1.2959827733667273,
      1.2635349788163837,
      1.2362987059250212,
      1.2100427286666737,
      1.1760094923931255,
      1.1464990586565251,
      1.1173481852339024,
      1.0930070265343315,
      1.0670500925758428,
      1.0461187608409346,
      1.0225386086263155,
      1.0009500572555943,
      0.9478252352329722,
      0.9253325776049965,
      0.9169963174744656,
      0.905250959229051,
      0.8987808044542346,
      0.8904271361074949,
      0.883893388143757,
      0.8772483256302381,
      0.8659256226138065,
      0.8583491750453648,
      0.8591488620691132,
      0.8560425728036646,
      0.8567370615507427,
      0.8531991457730009,
      0.8507643028309471,
      0.8503675259519041,
      0.8476976882993129,
      0.8468713872788245,
      0.8455105695808143,
      0.8427752797540865,
      0.8404575335352045,
      0.8395684740522451,
      0.8391646944117128,
      0.8376990716185486,
      0.8379219297254294,
      0.8377037074482232,
      0.8352801415481066,
      0.8371914826464235,
      0.8367595928802825,
      0.8363122762295238,
      0.8352705010196619,
      0.8356527231241527,
      0.8339879784667701,
      0.8338312697515153,
      0.8346505520636576,
      0.8343190493290884,
      0.8342917632115515,
      0.8340116600718415,
      0.8321685613247386,
      0.834220933809615,
      0.833998286148958,
      0.8330760896205902,
      0.8302059338281029,
      0.8322373463919288,
      0.829142350376698,
      0.8305849613327729,
      0.8303442375178922,
      0.8304965161440665,
      0.8291307515219638,
      0.8282116225414109,
      0.8291256974140803,
      0.8288138396384424,
      0.8297107541247418,
      0.8282293198924315,
      0.8268137195131235,
      0.8266520677951344,
      0.8262838347439181,
      0.8269678043168888,
      0.8250564151165778,
      0.8257143296170653,
      0.8265288417276583,
      0.8248715149728876,
      0.8253216317348313,
      0.8249334021095645,
      0.8238928270967383,
      0.8243957475612038,
      0.8234709692105913,
      0.8237270012236478,
      0.8217537272394749,
      0.8223184187684143
    ],